Lot_ID,Process_Seq,Process_Step,Equipment_ID,Recipe,Process_Date
LOT_202603_0001,1,Lithography,EQP_LITHO_03,RCP_LIT_01,2026-03-13
LOT_202603_0001,2,Etch,EQP_ETCH_03,RCP_ETC_02,2026-03-14
LOT_202603_0001,3,Deposition,EQP_DEP_03,RCP_DEP_01,2026-03-15
LOT_202603_0001,4,CMP,EQP_CMP_01,RCP_CMP_03,2026-03-16
LOT_202603_0001,5,Inspection,EQP_INSP_02,RCP_INS_02,2026-03-17
LOT_202603_0002,1,Lithography,EQP_LITHO_04,RCP_LIT_01,2026-03-20
LOT_202603_0002,2,Etch,EQP_ETCH_01,RCP_ETC_04,2026-03-21
LOT_202603_0002,3,Deposition,EQP_DEP_02,RCP_DEP_03,2026-03-22
LOT_202603_0002,4,CMP,EQP_CMP_01,RCP_CMP_01,2026-03-23
LOT_202603_0002,5,Inspection,EQP_INSP_02,RCP_INS_03,2026-03-24
LOT_202603_0003,1,Lithography,EQP_LITHO_04,RCP_LIT_02,2026-03-15
LOT_202603_0003,2,Etch,EQP_ETCH_03,RCP_ETC_01,2026-03-16
LOT_202603_0003,3,Deposition,EQP_DEP_03,RCP_DEP_02,2026-03-17
LOT_202603_0003,4,CMP,EQP_CMP_01,RCP_CMP_01,2026-03-18
LOT_202603_0003,5,Inspection,EQP_INSP_02,RCP_INS_04,2026-03-19
LOT_202603_0004,1,Lithography,EQP_LITHO_02,RCP_LIT_03,2026-03-03
LOT_202603_0004,2,Etch,EQP_ETCH_04,RCP_ETC_02,2026-03-04
LOT_202603_0004,3,Deposition,EQP_DEP_01,RCP_DEP_01,2026-03-05
LOT_202603_0004,4,CMP,EQP_CMP_01,RCP_CMP_01,2026-03-06
LOT_202603_0004,5,Inspection,EQP_INSP_02,RCP_INS_01,2026-03-07
LOT_202603_0005,1,Lithography,EQP_LITHO_02,RCP_LIT_04,2026-03-23
LOT_202603_0005,2,Etch,EQP_ETCH_04,RCP_ETC_02,2026-03-24
LOT_202603_0005,3,Deposition,EQP_DEP_02,RCP_DEP_02,2026-03-25
LOT_202603_0005,4,CMP,EQP_CMP_03,RCP_CMP_04,2026-03-26
LOT_202603_0005,5,Inspection,EQP_INSP_03,RCP_INS_01,2026-03-27
LOT_202603_0006,1,Lithography,EQP_LITHO_04,RCP_LIT_03,2026-03-08
LOT_202603_0006,2,Etch,EQP_ETCH_04,RCP_ETC_04,2026-03-09
LOT_202603_0006,3,Deposition,EQP_DEP_03,RCP_DEP_02,2026-03-10
LOT_202603_0006,4,CMP,EQP_CMP_02,RCP_CMP_04,2026-03-11
LOT_202603_0006,5,Inspection,EQP_INSP_03,RCP_INS_04,2026-03-12
LOT_202603_0007,1,Lithography,EQP_LITHO_03,RCP_LIT_01,2026-03-20
LOT_202603_0007,2,Etch,EQP_ETCH_03,RCP_ETC_03,2026-03-21
LOT_202603_0007,3,Deposition,EQP_DEP_02,RCP_DEP_01,2026-03-22
LOT_202603_0007,4,CMP,EQP_CMP_02,RCP_CMP_03,2026-03-23
LOT_202603_0007,5,Inspection,EQP_INSP_03,RCP_INS_04,2026-03-24
LOT_202603_0008,1,Lithography,EQP_LITHO_02,RCP_LIT_04,2026-03-16
LOT_202603_0008,2,Etch,EQP_ETCH_01,RCP_ETC_02,2026-03-17
LOT_202603_0008,3,Deposition,EQP_DEP_03,RCP_DEP_04,2026-03-18
LOT_202603_0008,4,CMP,EQP_CMP_01,RCP_CMP_04,2026-03-19
LOT_202603_0008,5,Inspection,EQP_INSP_01,RCP_INS_04,2026-03-20
LOT_202603_0009,1,Lithography,EQP_LITHO_03,RCP_LIT_02,2026-03-13
LOT_202603_0009,2,Etch,EQP_ETCH_03,RCP_ETC_02,2026-03-14
LOT_202603_0009,3,Deposition,EQP_DEP_03,RCP_DEP_03,2026-03-15
LOT_202603_0009,4,CMP,EQP_CMP_01,RCP_CMP_03,2026-03-16
LOT_202603_0009,5,Inspection,EQP_INSP_03,RCP_INS_01,2026-03-17
LOT_202603_0010,1,Lithography,EQP_LITHO_02,RCP_LIT_02,2026-03-18
LOT_202603_0010,2,Etch,EQP_ETCH_03,RCP_ETC_04,2026-03-19
LOT_202603_0010,3,Deposition,EQP_DEP_02,RCP_DEP_01,2026-03-20
LOT_202603_0010,4,CMP,EQP_CMP_02,RCP_CMP_04,2026-03-21
LOT_202603_0010,5,Inspection,EQP_INSP_01,RCP_INS_03,2026-03-22
LOT_202603_0011,1,Lithography,EQP_LITHO_04,RCP_LIT_01,2026-03-28
LOT_202603_0011,2,Etch,EQP_ETCH_03,RCP_ETC_02,2026-03-29
LOT_202603_0011,3,Deposition,EQP_DEP_03,RCP_DEP_03,2026-03-30
LOT_202603_0011,4,CMP,EQP_CMP_02,RCP_CMP_03,2026-03-31
LOT_202603_0011,5,Inspection,EQP_INSP_01,RCP_INS_01,2026-04-01
LOT_202603_0012,1,Lithography,EQP_LITHO_02,RCP_LIT_02,2026-03-10
LOT_202603_0012,2,Etch,EQP_ETCH_02,RCP_ETC_03,2026-03-11
LOT_202603_0012,3,Deposition,EQP_DEP_01,RCP_DEP_02,2026-03-12
LOT_202603_0012,4,CMP,EQP_CMP_03,RCP_CMP_03,2026-03-13
LOT_202603_0012,5,Inspection,EQP_INSP_01,RCP_INS_04,2026-03-14
LOT_202603_0013,1,Lithography,EQP_LITHO_04,RCP_LIT_04,2026-03-19
LOT_202603_0013,2,Etch,EQP_ETCH_03,RCP_ETC_01,2026-03-20
LOT_202603_0013,3,Deposition,EQP_DEP_01,RCP_DEP_02,2026-03-21
LOT_202603_0013,4,CMP,EQP_CMP_02,RCP_CMP_03,2026-03-22
LOT_202603_0013,5,Inspection,EQP_INSP_01,RCP_INS_01,2026-03-23
LOT_202603_0014,1,Lithography,EQP_LITHO_01,RCP_LIT_02,2026-03-17
LOT_202603_0014,2,Etch,EQP_ETCH_02,RCP_ETC_01,2026-03-18
LOT_202603_0014,3,Deposition,EQP_DEP_01,RCP_DEP_02,2026-03-19
LOT_202603_0014,4,CMP,EQP_CMP_01,RCP_CMP_02,2026-03-20
LOT_202603_0014,5,Inspection,EQP_INSP_03,RCP_INS_04,2026-03-21
LOT_202603_0015,1,Lithography,EQP_LITHO_02,RCP_LIT_01,2026-03-24
LOT_202603_0015,2,Etch,EQP_ETCH_02,RCP_ETC_03,2026-03-25
LOT_202603_0015,3,Deposition,EQP_DEP_03,RCP_DEP_01,2026-03-26
LOT_202603_0015,4,CMP,EQP_CMP_01,RCP_CMP_01,2026-03-27
LOT_202603_0015,5,Inspection,EQP_INSP_01,RCP_INS_03,2026-03-28
LOT_202603_0016,1,Lithography,EQP_LITHO_03,RCP_LIT_01,2026-03-19
LOT_202603_0016,2,Etch,EQP_ETCH_04,RCP_ETC_03,2026-03-20
LOT_202603_0016,3,Deposition,EQP_DEP_03,RCP_DEP_02,2026-03-21
LOT_202603_0016,4,CMP,EQP_CMP_02,RCP_CMP_03,2026-03-22
LOT_202603_0016,5,Inspection,EQP_INSP_03,RCP_INS_03,2026-03-23
LOT_202603_0017,1,Lithography,EQP_LITHO_04,RCP_LIT_04,2026-03-28
LOT_202603_0017,2,Etch,EQP_ETCH_03,RCP_ETC_01,2026-03-29
LOT_202603_0017,3,Deposition,EQP_DEP_02,RCP_DEP_03,2026-03-30
LOT_202603_0017,4,CMP,EQP_CMP_03,RCP_CMP_04,2026-03-31
LOT_202603_0017,5,Inspection,EQP_INSP_01,RCP_INS_02,2026-04-01
LOT_202603_0018,1,Lithography,EQP_LITHO_01,RCP_LIT_01,2026-03-26
LOT_202603_0018,2,Etch,EQP_ETCH_03,RCP_ETC_02,2026-03-27
LOT_202603_0018,3,Deposition,EQP_DEP_02,RCP_DEP_02,2026-03-28
LOT_202603_0018,4,CMP,EQP_CMP_02,RCP_CMP_01,2026-03-29
LOT_202603_0018,5,Inspection,EQP_INSP_03,RCP_INS_02,2026-03-30
LOT_202603_0019,1,Lithography,EQP_LITHO_04,RCP_LIT_01,2026-03-23
LOT_202603_0019,2,Etch,EQP_ETCH_03,RCP_ETC_01,2026-03-24
LOT_202603_0019,3,Deposition,EQP_DEP_03,RCP_DEP_01,2026-03-25
LOT_202603_0019,4,CMP,EQP_CMP_01,RCP_CMP_01,2026-03-26
LOT_202603_0019,5,Inspection,EQP_INSP_03,RCP_INS_04,2026-03-27
LOT_202603_0020,1,Lithography,EQP_LITHO_04,RCP_LIT_03,2026-03-26
LOT_202603_0020,2,Etch,EQP_ETCH_03,RCP_ETC_04,2026-03-27
LOT_202603_0020,3,Deposition,EQP_DEP_02,RCP_DEP_03,2026-03-28
LOT_202603_0020,4,CMP,EQP_CMP_03,RCP_CMP_01,2026-03-29
LOT_202603_0020,5,Inspection,EQP_INSP_03,RCP_INS_02,2026-03-30
LOT_202603_0021,1,Lithography,EQP_LITHO_02,RCP_LIT_02,2026-03-05
LOT_202603_0021,2,Etch,EQP_ETCH_04,RCP_ETC_02,2026-03-06
LOT_202603_0021,3,Deposition,EQP_DEP_02,RCP_DEP_03,2026-03-07
LOT_202603_0021,4,CMP,EQP_CMP_02,RCP_CMP_01,2026-03-08
LOT_202603_0021,5,Inspection,EQP_INSP_02,RCP_INS_02,2026-03-09
LOT_202603_0022,1,Lithography,EQP_LITHO_01,RCP_LIT_04,2026-03-26
LOT_202603_0022,2,Etch,EQP_ETCH_04,RCP_ETC_04,2026-03-27
LOT_202603_0022,3,Deposition,EQP_DEP_01,RCP_DEP_04,2026-03-28
LOT_202603_0022,4,CMP,EQP_CMP_01,RCP_CMP_04,2026-03-29
LOT_202603_0022,5,Inspection,EQP_INSP_03,RCP_INS_02,2026-03-30
LOT_202603_0023,1,Lithography,EQP_LITHO_01,RCP_LIT_02,2026-03-21
LOT_202603_0023,2,Etch,EQP_ETCH_01,RCP_ETC_01,2026-03-22
LOT_202603_0023,3,Deposition,EQP_DEP_02,RCP_DEP_04,2026-03-23
LOT_202603_0023,4,CMP,EQP_CMP_01,RCP_CMP_02,2026-03-24
LOT_202603_0023,5,Inspection,EQP_INSP_03,RCP_INS_03,2026-03-25
LOT_202603_0024,1,Lithography,EQP_LITHO_04,RCP_LIT_01,2026-03-23
LOT_202603_0024,2,Etch,EQP_ETCH_02,RCP_ETC_02,2026-03-24
LOT_202603_0024,3,Deposition,EQP_DEP_03,RCP_DEP_01,2026-03-25
LOT_202603_0024,4,CMP,EQP_CMP_01,RCP_CMP_03,2026-03-26
LOT_202603_0024,5,Inspection,EQP_INSP_02,RCP_INS_03,2026-03-27
LOT_202603_0025,1,Lithography,EQP_LITHO_03,RCP_LIT_01,2026-03-09
LOT_202603_0025,2,Etch,EQP_ETCH_03,RCP_ETC_01,2026-03-10
LOT_202603_0025,3,Deposition,EQP_DEP_02,RCP_DEP_04,2026-03-11
LOT_202603_0025,4,CMP,EQP_CMP_01,RCP_CMP_01,2026-03-12
LOT_202603_0025,5,Inspection,EQP_INSP_02,RCP_INS_01,2026-03-13
LOT_202603_0026,1,Lithography,EQP_LITHO_03,RCP_LIT_01,2026-03-12
LOT_202603_0026,2,Etch,EQP_ETCH_02,RCP_ETC_02,2026-03-13
LOT_202603_0026,3,Deposition,EQP_DEP_03,RCP_DEP_02,2026-03-14
LOT_202603_0026,4,CMP,EQP_CMP_03,RCP_CMP_02,2026-03-15
LOT_202603_0026,5,Inspection,EQP_INSP_03,RCP_INS_01,2026-03-16
LOT_202603_0027,1,Lithography,EQP_LITHO_04,RCP_LIT_04,2026-03-21
LOT_202603_0027,2,Etch,EQP_ETCH_03,RCP_ETC_04,2026-03-22
LOT_202603_0027,3,Deposition,EQP_DEP_01,RCP_DEP_03,2026-03-23
LOT_202603_0027,4,CMP,EQP_CMP_02,RCP_CMP_01,2026-03-24
LOT_202603_0027,5,Inspection,EQP_INSP_01,RCP_INS_01,2026-03-25
LOT_202603_0028,1,Lithography,EQP_LITHO_01,RCP_LIT_02,2026-03-01
LOT_202603_0028,2,Etch,EQP_ETCH_03,RCP_ETC_01,2026-03-02
LOT_202603_0028,3,Deposition,EQP_DEP_01,RCP_DEP_03,2026-03-03
LOT_202603_0028,4,CMP,EQP_CMP_01,RCP_CMP_04,2026-03-04
LOT_202603_0028,5,Inspection,EQP_INSP_01,RCP_INS_01,2026-03-05
LOT_202603_0029,1,Lithography,EQP_LITHO_04,RCP_LIT_04,2026-03-26
LOT_202603_0029,2,Etch,EQP_ETCH_03,RCP_ETC_01,2026-03-27
LOT_202603_0029,3,Deposition,EQP_DEP_03,RCP_DEP_01,2026-03-28
LOT_202603_0029,4,CMP,EQP_CMP_01,RCP_CMP_02,2026-03-29
LOT_202603_0029,5,Inspection,EQP_INSP_03,RCP_INS_03,2026-03-30
LOT_202603_0030,1,Lithography,EQP_LITHO_03,RCP_LIT_02,2026-03-26
LOT_202603_0030,2,Etch,EQP_ETCH_04,RCP_ETC_01,2026-03-27
LOT_202603_0030,3,Deposition,EQP_DEP_01,RCP_DEP_01,2026-03-28
LOT_202603_0030,4,CMP,EQP_CMP_02,RCP_CMP_04,2026-03-29
LOT_202603_0030,5,Inspection,EQP_INSP_03,RCP_INS_02,2026-03-30
LOT_202603_0031,1,Lithography,EQP_LITHO_01,RCP_LIT_03,2026-03-01
LOT_202603_0031,2,Etch,EQP_ETCH_02,RCP_ETC_04,2026-03-02
LOT_202603_0031,3,Deposition,EQP_DEP_01,RCP_DEP_02,2026-03-03
LOT_202603_0031,4,CMP,EQP_CMP_02,RCP_CMP_02,2026-03-04
LOT_202603_0031,5,Inspection,EQP_INSP_03,RCP_INS_03,2026-03-05
LOT_202603_0032,1,Lithography,EQP_LITHO_04,RCP_LIT_01,2026-03-15
LOT_202603_0032,2,Etch,EQP_ETCH_03,RCP_ETC_04,2026-03-16
LOT_202603_0032,3,Deposition,EQP_DEP_02,RCP_DEP_02,2026-03-17
LOT_202603_0032,4,CMP,EQP_CMP_03,RCP_CMP_02,2026-03-18
LOT_202603_0032,5,Inspection,EQP_INSP_02,RCP_INS_04,2026-03-19
LOT_202603_0033,1,Lithography,EQP_LITHO_04,RCP_LIT_04,2026-03-02
LOT_202603_0033,2,Etch,EQP_ETCH_04,RCP_ETC_01,2026-03-03
LOT_202603_0033,3,Deposition,EQP_DEP_01,RCP_DEP_01,2026-03-04
LOT_202603_0033,4,CMP,EQP_CMP_03,RCP_CMP_03,2026-03-05
LOT_202603_0033,5,Inspection,EQP_INSP_03,RCP_INS_03,2026-03-06
LOT_202603_0034,1,Lithography,EQP_LITHO_04,RCP_LIT_02,2026-03-22
LOT_202603_0034,2,Etch,EQP_ETCH_01,RCP_ETC_03,2026-03-23
LOT_202603_0034,3,Deposition,EQP_DEP_03,RCP_DEP_01,2026-03-24
LOT_202603_0034,4,CMP,EQP_CMP_03,RCP_CMP_04,2026-03-25
LOT_202603_0034,5,Inspection,EQP_INSP_02,RCP_INS_03,2026-03-26
LOT_202603_0035,1,Lithography,EQP_LITHO_04,RCP_LIT_04,2026-03-16
LOT_202603_0035,2,Etch,EQP_ETCH_04,RCP_ETC_04,2026-03-17
LOT_202603_0035,3,Deposition,EQP_DEP_01,RCP_DEP_02,2026-03-18
LOT_202603_0035,4,CMP,EQP_CMP_01,RCP_CMP_02,2026-03-19
LOT_202603_0035,5,Inspection,EQP_INSP_03,RCP_INS_03,2026-03-20
LOT_202603_0036,1,Lithography,EQP_LITHO_04,RCP_LIT_02,2026-03-25
LOT_202603_0036,2,Etch,EQP_ETCH_03,RCP_ETC_01,2026-03-26
LOT_202603_0036,3,Deposition,EQP_DEP_03,RCP_DEP_04,2026-03-27
LOT_202603_0036,4,CMP,EQP_CMP_01,RCP_CMP_03,2026-03-28
LOT_202603_0036,5,Inspection,EQP_INSP_01,RCP_INS_04,2026-03-29
LOT_202603_0037,1,Lithography,EQP_LITHO_02,RCP_LIT_03,2026-03-08
LOT_202603_0037,2,Etch,EQP_ETCH_01,RCP_ETC_02,2026-03-09
LOT_202603_0037,3,Deposition,EQP_DEP_03,RCP_DEP_02,2026-03-10
LOT_202603_0037,4,CMP,EQP_CMP_03,RCP_CMP_03,2026-03-11
LOT_202603_0037,5,Inspection,EQP_INSP_03,RCP_INS_04,2026-03-12
LOT_202603_0038,1,Lithography,EQP_LITHO_04,RCP_LIT_02,2026-03-13
LOT_202603_0038,2,Etch,EQP_ETCH_04,RCP_ETC_02,2026-03-14
LOT_202603_0038,3,Deposition,EQP_DEP_01,RCP_DEP_04,2026-03-15
LOT_202603_0038,4,CMP,EQP_CMP_03,RCP_CMP_04,2026-03-16
LOT_202603_0038,5,Inspection,EQP_INSP_02,RCP_INS_02,2026-03-17
LOT_202603_0039,1,Lithography,EQP_LITHO_04,RCP_LIT_02,2026-03-21
LOT_202603_0039,2,Etch,EQP_ETCH_02,RCP_ETC_02,2026-03-22
LOT_202603_0039,3,Deposition,EQP_DEP_03,RCP_DEP_04,2026-03-23
LOT_202603_0039,4,CMP,EQP_CMP_01,RCP_CMP_02,2026-03-24
LOT_202603_0039,5,Inspection,EQP_INSP_03,RCP_INS_01,2026-03-25
LOT_202603_0040,1,Lithography,EQP_LITHO_02,RCP_LIT_02,2026-03-01
LOT_202603_0040,2,Etch,EQP_ETCH_01,RCP_ETC_01,2026-03-02
LOT_202603_0040,3,Deposition,EQP_DEP_02,RCP_DEP_02,2026-03-03
LOT_202603_0040,4,CMP,EQP_CMP_03,RCP_CMP_02,2026-03-04
LOT_202603_0040,5,Inspection,EQP_INSP_02,RCP_INS_02,2026-03-05
LOT_202603_0041,1,Lithography,EQP_LITHO_01,RCP_LIT_03,2026-03-16
LOT_202603_0041,2,Etch,EQP_ETCH_03,RCP_ETC_02,2026-03-17
LOT_202603_0041,3,Deposition,EQP_DEP_01,RCP_DEP_02,2026-03-18
LOT_202603_0041,4,CMP,EQP_CMP_01,RCP_CMP_02,2026-03-19
LOT_202603_0041,5,Inspection,EQP_INSP_02,RCP_INS_01,2026-03-20
LOT_202603_0042,1,Lithography,EQP_LITHO_01,RCP_LIT_02,2026-03-07
LOT_202603_0042,2,Etch,EQP_ETCH_04,RCP_ETC_02,2026-03-08
LOT_202603_0042,3,Deposition,EQP_DEP_02,RCP_DEP_01,2026-03-09
LOT_202603_0042,4,CMP,EQP_CMP_03,RCP_CMP_01,2026-03-10
LOT_202603_0042,5,Inspection,EQP_INSP_03,RCP_INS_02,2026-03-11
LOT_202603_0043,1,Lithography,EQP_LITHO_03,RCP_LIT_04,2026-03-05
LOT_202603_0043,2,Etch,EQP_ETCH_01,RCP_ETC_03,2026-03-06
LOT_202603_0043,3,Deposition,EQP_DEP_02,RCP_DEP_01,2026-03-07
LOT_202603_0043,4,CMP,EQP_CMP_01,RCP_CMP_02,2026-03-08
LOT_202603_0043,5,Inspection,EQP_INSP_01,RCP_INS_04,2026-03-09
LOT_202603_0044,1,Lithography,EQP_LITHO_02,RCP_LIT_04,2026-03-22
LOT_202603_0044,2,Etch,EQP_ETCH_03,RCP_ETC_03,2026-03-23
LOT_202603_0044,3,Deposition,EQP_DEP_01,RCP_DEP_03,2026-03-24
LOT_202603_0044,4,CMP,EQP_CMP_01,RCP_CMP_04,2026-03-25
LOT_202603_0044,5,Inspection,EQP_INSP_03,RCP_INS_02,2026-03-26
LOT_202603_0045,1,Lithography,EQP_LITHO_01,RCP_LIT_04,2026-03-23
LOT_202603_0045,2,Etch,EQP_ETCH_03,RCP_ETC_01,2026-03-24
LOT_202603_0045,3,Deposition,EQP_DEP_03,RCP_DEP_03,2026-03-25
LOT_202603_0045,4,CMP,EQP_CMP_03,RCP_CMP_02,2026-03-26
LOT_202603_0045,5,Inspection,EQP_INSP_02,RCP_INS_03,2026-03-27
LOT_202603_0046,1,Lithography,EQP_LITHO_03,RCP_LIT_02,2026-03-03
LOT_202603_0046,2,Etch,EQP_ETCH_01,RCP_ETC_02,2026-03-04
LOT_202603_0046,3,Deposition,EQP_DEP_03,RCP_DEP_04,2026-03-05
LOT_202603_0046,4,CMP,EQP_CMP_03,RCP_CMP_03,2026-03-06
LOT_202603_0046,5,Inspection,EQP_INSP_03,RCP_INS_01,2026-03-07
LOT_202603_0047,1,Lithography,EQP_LITHO_02,RCP_LIT_03,2026-03-12
LOT_202603_0047,2,Etch,EQP_ETCH_02,RCP_ETC_02,2026-03-13
LOT_202603_0047,3,Deposition,EQP_DEP_01,RCP_DEP_01,2026-03-14
LOT_202603_0047,4,CMP,EQP_CMP_01,RCP_CMP_04,2026-03-15
LOT_202603_0047,5,Inspection,EQP_INSP_01,RCP_INS_01,2026-03-16
LOT_202603_0048,1,Lithography,EQP_LITHO_01,RCP_LIT_04,2026-03-26
LOT_202603_0048,2,Etch,EQP_ETCH_02,RCP_ETC_03,2026-03-27
LOT_202603_0048,3,Deposition,EQP_DEP_03,RCP_DEP_02,2026-03-28
LOT_202603_0048,4,CMP,EQP_CMP_01,RCP_CMP_04,2026-03-29
LOT_202603_0048,5,Inspection,EQP_INSP_03,RCP_INS_02,2026-03-30
LOT_202603_0049,1,Lithography,EQP_LITHO_02,RCP_LIT_03,2026-03-16
LOT_202603_0049,2,Etch,EQP_ETCH_03,RCP_ETC_03,2026-03-17
LOT_202603_0049,3,Deposition,EQP_DEP_01,RCP_DEP_01,2026-03-18
LOT_202603_0049,4,CMP,EQP_CMP_01,RCP_CMP_02,2026-03-19
LOT_202603_0049,5,Inspection,EQP_INSP_01,RCP_INS_03,2026-03-20
LOT_202603_0050,1,Lithography,EQP_LITHO_01,RCP_LIT_02,2026-03-19
LOT_202603_0050,2,Etch,EQP_ETCH_04,RCP_ETC_04,2026-03-20
LOT_202603_0050,3,Deposition,EQP_DEP_03,RCP_DEP_01,2026-03-21
LOT_202603_0050,4,CMP,EQP_CMP_01,RCP_CMP_03,2026-03-22
LOT_202603_0050,5,Inspection,EQP_INSP_01,RCP_INS_02,2026-03-23
LOT_202603_0051,1,Lithography,EQP_LITHO_04,RCP_LIT_01,2026-03-05
LOT_202603_0051,2,Etch,EQP_ETCH_02,RCP_ETC_03,2026-03-06
LOT_202603_0051,3,Deposition,EQP_DEP_03,RCP_DEP_02,2026-03-07
LOT_202603_0051,4,CMP,EQP_CMP_01,RCP_CMP_01,2026-03-08
LOT_202603_0051,5,Inspection,EQP_INSP_02,RCP_INS_03,2026-03-09
LOT_202603_0052,1,Lithography,EQP_LITHO_04,RCP_LIT_03,2026-03-22
LOT_202603_0052,2,Etch,EQP_ETCH_01,RCP_ETC_01,2026-03-23
LOT_202603_0052,3,Deposition,EQP_DEP_02,RCP_DEP_02,2026-03-24
LOT_202603_0052,4,CMP,EQP_CMP_03,RCP_CMP_02,2026-03-25
LOT_202603_0052,5,Inspection,EQP_INSP_03,RCP_INS_01,2026-03-26
LOT_202603_0053,1,Lithography,EQP_LITHO_03,RCP_LIT_04,2026-03-25
LOT_202603_0053,2,Etch,EQP_ETCH_04,RCP_ETC_03,2026-03-26
LOT_202603_0053,3,Deposition,EQP_DEP_01,RCP_DEP_02,2026-03-27
LOT_202603_0053,4,CMP,EQP_CMP_03,RCP_CMP_02,2026-03-28
LOT_202603_0053,5,Inspection,EQP_INSP_03,RCP_INS_03,2026-03-29
LOT_202603_0054,1,Lithography,EQP_LITHO_02,RCP_LIT_03,2026-03-14
LOT_202603_0054,2,Etch,EQP_ETCH_01,RCP_ETC_04,2026-03-15
LOT_202603_0054,3,Deposition,EQP_DEP_03,RCP_DEP_04,2026-03-16
LOT_202603_0054,4,CMP,EQP_CMP_01,RCP_CMP_02,2026-03-17
LOT_202603_0054,5,Inspection,EQP_INSP_03,RCP_INS_01,2026-03-18
LOT_202603_0055,1,Lithography,EQP_LITHO_03,RCP_LIT_03,2026-03-28
LOT_202603_0055,2,Etch,EQP_ETCH_03,RCP_ETC_03,2026-03-29
LOT_202603_0055,3,Deposition,EQP_DEP_01,RCP_DEP_04,2026-03-30
LOT_202603_0055,4,CMP,EQP_CMP_01,RCP_CMP_02,2026-03-31
LOT_202603_0055,5,Inspection,EQP_INSP_01,RCP_INS_01,2026-04-01
LOT_202603_0056,1,Lithography,EQP_LITHO_02,RCP_LIT_01,2026-03-05
LOT_202603_0056,2,Etch,EQP_ETCH_02,RCP_ETC_02,2026-03-06
LOT_202603_0056,3,Deposition,EQP_DEP_03,RCP_DEP_03,2026-03-07
LOT_202603_0056,4,CMP,EQP_CMP_02,RCP_CMP_02,2026-03-08
LOT_202603_0056,5,Inspection,EQP_INSP_02,RCP_INS_03,2026-03-09
LOT_202603_0057,1,Lithography,EQP_LITHO_03,RCP_LIT_02,2026-03-15
LOT_202603_0057,2,Etch,EQP_ETCH_04,RCP_ETC_03,2026-03-16
LOT_202603_0057,3,Deposition,EQP_DEP_03,RCP_DEP_02,2026-03-17
LOT_202603_0057,4,CMP,EQP_CMP_01,RCP_CMP_02,2026-03-18
LOT_202603_0057,5,Inspection,EQP_INSP_01,RCP_INS_01,2026-03-19
LOT_202603_0058,1,Lithography,EQP_LITHO_02,RCP_LIT_01,2026-03-17
LOT_202603_0058,2,Etch,EQP_ETCH_04,RCP_ETC_03,2026-03-18
LOT_202603_0058,3,Deposition,EQP_DEP_01,RCP_DEP_02,2026-03-19
LOT_202603_0058,4,CMP,EQP_CMP_02,RCP_CMP_01,2026-03-20
LOT_202603_0058,5,Inspection,EQP_INSP_03,RCP_INS_03,2026-03-21
LOT_202603_0059,1,Lithography,EQP_LITHO_04,RCP_LIT_02,2026-03-14
LOT_202603_0059,2,Etch,EQP_ETCH_03,RCP_ETC_02,2026-03-15
LOT_202603_0059,3,Deposition,EQP_DEP_02,RCP_DEP_02,2026-03-16
LOT_202603_0059,4,CMP,EQP_CMP_02,RCP_CMP_02,2026-03-17
LOT_202603_0059,5,Inspection,EQP_INSP_01,RCP_INS_01,2026-03-18
LOT_202603_0060,1,Lithography,EQP_LITHO_04,RCP_LIT_02,2026-03-20
LOT_202603_0060,2,Etch,EQP_ETCH_03,RCP_ETC_01,2026-03-21
LOT_202603_0060,3,Deposition,EQP_DEP_01,RCP_DEP_04,2026-03-22
LOT_202603_0060,4,CMP,EQP_CMP_03,RCP_CMP_02,2026-03-23
LOT_202603_0060,5,Inspection,EQP_INSP_01,RCP_INS_01,2026-03-24
LOT_202603_0061,1,Lithography,EQP_LITHO_04,RCP_LIT_02,2026-03-05
LOT_202603_0061,2,Etch,EQP_ETCH_03,RCP_ETC_02,2026-03-06
LOT_202603_0061,3,Deposition,EQP_DEP_03,RCP_DEP_02,2026-03-07
LOT_202603_0061,4,CMP,EQP_CMP_01,RCP_CMP_02,2026-03-08
LOT_202603_0061,5,Inspection,EQP_INSP_01,RCP_INS_03,2026-03-09
LOT_202603_0062,1,Lithography,EQP_LITHO_04,RCP_LIT_04,2026-03-12
LOT_202603_0062,2,Etch,EQP_ETCH_04,RCP_ETC_02,2026-03-13
LOT_202603_0062,3,Deposition,EQP_DEP_01,RCP_DEP_03,2026-03-14
LOT_202603_0062,4,CMP,EQP_CMP_01,RCP_CMP_02,2026-03-15
LOT_202603_0062,5,Inspection,EQP_INSP_02,RCP_INS_03,2026-03-16
LOT_202603_0063,1,Lithography,EQP_LITHO_02,RCP_LIT_01,2026-03-16
LOT_202603_0063,2,Etch,EQP_ETCH_01,RCP_ETC_04,2026-03-17
LOT_202603_0063,3,Deposition,EQP_DEP_02,RCP_DEP_01,2026-03-18
LOT_202603_0063,4,CMP,EQP_CMP_01,RCP_CMP_02,2026-03-19
LOT_202603_0063,5,Inspection,EQP_INSP_03,RCP_INS_03,2026-03-20
LOT_202603_0064,1,Lithography,EQP_LITHO_01,RCP_LIT_04,2026-03-26
LOT_202603_0064,2,Etch,EQP_ETCH_02,RCP_ETC_03,2026-03-27
LOT_202603_0064,3,Deposition,EQP_DEP_02,RCP_DEP_03,2026-03-28
LOT_202603_0064,4,CMP,EQP_CMP_02,RCP_CMP_02,2026-03-29
LOT_202603_0064,5,Inspection,EQP_INSP_02,RCP_INS_01,2026-03-30
LOT_202603_0065,1,Lithography,EQP_LITHO_04,RCP_LIT_03,2026-03-26
LOT_202603_0065,2,Etch,EQP_ETCH_02,RCP_ETC_01,2026-03-27
LOT_202603_0065,3,Deposition,EQP_DEP_03,RCP_DEP_01,2026-03-28
LOT_202603_0065,4,CMP,EQP_CMP_01,RCP_CMP_04,2026-03-29
LOT_202603_0065,5,Inspection,EQP_INSP_02,RCP_INS_01,2026-03-30
LOT_202603_0066,1,Lithography,EQP_LITHO_02,RCP_LIT_04,2026-03-16
LOT_202603_0066,2,Etch,EQP_ETCH_03,RCP_ETC_01,2026-03-17
LOT_202603_0066,3,Deposition,EQP_DEP_01,RCP_DEP_03,2026-03-18
LOT_202603_0066,4,CMP,EQP_CMP_01,RCP_CMP_02,2026-03-19
LOT_202603_0066,5,Inspection,EQP_INSP_02,RCP_INS_01,2026-03-20
LOT_202603_0067,1,Lithography,EQP_LITHO_03,RCP_LIT_01,2026-03-21
LOT_202603_0067,2,Etch,EQP_ETCH_03,RCP_ETC_04,2026-03-22
LOT_202603_0067,3,Deposition,EQP_DEP_03,RCP_DEP_02,2026-03-23
LOT_202603_0067,4,CMP,EQP_CMP_03,RCP_CMP_01,2026-03-24
LOT_202603_0067,5,Inspection,EQP_INSP_02,RCP_INS_02,2026-03-25
LOT_202603_0068,1,Lithography,EQP_LITHO_02,RCP_LIT_04,2026-03-07
LOT_202603_0068,2,Etch,EQP_ETCH_01,RCP_ETC_01,2026-03-08
LOT_202603_0068,3,Deposition,EQP_DEP_01,RCP_DEP_02,2026-03-09
LOT_202603_0068,4,CMP,EQP_CMP_01,RCP_CMP_04,2026-03-10
LOT_202603_0068,5,Inspection,EQP_INSP_02,RCP_INS_01,2026-03-11
LOT_202603_0069,1,Lithography,EQP_LITHO_03,RCP_LIT_04,2026-03-04
LOT_202603_0069,2,Etch,EQP_ETCH_04,RCP_ETC_03,2026-03-05
LOT_202603_0069,3,Deposition,EQP_DEP_01,RCP_DEP_01,2026-03-06
LOT_202603_0069,4,CMP,EQP_CMP_01,RCP_CMP_02,2026-03-07
LOT_202603_0069,5,Inspection,EQP_INSP_03,RCP_INS_04,2026-03-08
LOT_202603_0070,1,Lithography,EQP_LITHO_04,RCP_LIT_03,2026-03-01
LOT_202603_0070,2,Etch,EQP_ETCH_03,RCP_ETC_01,2026-03-02
LOT_202603_0070,3,Deposition,EQP_DEP_03,RCP_DEP_01,2026-03-03
LOT_202603_0070,4,CMP,EQP_CMP_01,RCP_CMP_01,2026-03-04
LOT_202603_0070,5,Inspection,EQP_INSP_02,RCP_INS_04,2026-03-05
LOT_202603_0071,1,Lithography,EQP_LITHO_03,RCP_LIT_04,2026-03-05
LOT_202603_0071,2,Etch,EQP_ETCH_03,RCP_ETC_01,2026-03-06
LOT_202603_0071,3,Deposition,EQP_DEP_02,RCP_DEP_01,2026-03-07
LOT_202603_0071,4,CMP,EQP_CMP_03,RCP_CMP_03,2026-03-08
LOT_202603_0071,5,Inspection,EQP_INSP_03,RCP_INS_02,2026-03-09
LOT_202603_0072,1,Lithography,EQP_LITHO_02,RCP_LIT_01,2026-03-23
LOT_202603_0072,2,Etch,EQP_ETCH_02,RCP_ETC_02,2026-03-24
LOT_202603_0072,3,Deposition,EQP_DEP_02,RCP_DEP_02,2026-03-25
LOT_202603_0072,4,CMP,EQP_CMP_01,RCP_CMP_01,2026-03-26
LOT_202603_0072,5,Inspection,EQP_INSP_03,RCP_INS_02,2026-03-27
LOT_202603_0073,1,Lithography,EQP_LITHO_04,RCP_LIT_03,2026-03-26
LOT_202603_0073,2,Etch,EQP_ETCH_01,RCP_ETC_04,2026-03-27
LOT_202603_0073,3,Deposition,EQP_DEP_03,RCP_DEP_02,2026-03-28
LOT_202603_0073,4,CMP,EQP_CMP_01,RCP_CMP_03,2026-03-29
LOT_202603_0073,5,Inspection,EQP_INSP_02,RCP_INS_03,2026-03-30
LOT_202603_0074,1,Lithography,EQP_LITHO_04,RCP_LIT_01,2026-03-10
LOT_202603_0074,2,Etch,EQP_ETCH_04,RCP_ETC_04,2026-03-11
LOT_202603_0074,3,Deposition,EQP_DEP_03,RCP_DEP_02,2026-03-12
LOT_202603_0074,4,CMP,EQP_CMP_01,RCP_CMP_01,2026-03-13
LOT_202603_0074,5,Inspection,EQP_INSP_02,RCP_INS_04,2026-03-14
LOT_202603_0075,1,Lithography,EQP_LITHO_04,RCP_LIT_02,2026-03-22
LOT_202603_0075,2,Etch,EQP_ETCH_04,RCP_ETC_01,2026-03-23
LOT_202603_0075,3,Deposition,EQP_DEP_02,RCP_DEP_01,2026-03-24
LOT_202603_0075,4,CMP,EQP_CMP_02,RCP_CMP_02,2026-03-25
LOT_202603_0075,5,Inspection,EQP_INSP_01,RCP_INS_02,2026-03-26
LOT_202603_0076,1,Lithography,EQP_LITHO_04,RCP_LIT_02,2026-03-05
LOT_202603_0076,2,Etch,EQP_ETCH_02,RCP_ETC_03,2026-03-06
LOT_202603_0076,3,Deposition,EQP_DEP_01,RCP_DEP_04,2026-03-07
LOT_202603_0076,4,CMP,EQP_CMP_03,RCP_CMP_03,2026-03-08
LOT_202603_0076,5,Inspection,EQP_INSP_01,RCP_INS_04,2026-03-09
LOT_202603_0077,1,Lithography,EQP_LITHO_04,RCP_LIT_01,2026-03-04
LOT_202603_0077,2,Etch,EQP_ETCH_02,RCP_ETC_04,2026-03-05
LOT_202603_0077,3,Deposition,EQP_DEP_03,RCP_DEP_03,2026-03-06
LOT_202603_0077,4,CMP,EQP_CMP_02,RCP_CMP_03,2026-03-07
LOT_202603_0077,5,Inspection,EQP_INSP_02,RCP_INS_02,2026-03-08
LOT_202603_0078,1,Lithography,EQP_LITHO_02,RCP_LIT_04,2026-03-02
LOT_202603_0078,2,Etch,EQP_ETCH_03,RCP_ETC_01,2026-03-03
LOT_202603_0078,3,Deposition,EQP_DEP_03,RCP_DEP_03,2026-03-04
LOT_202603_0078,4,CMP,EQP_CMP_03,RCP_CMP_01,2026-03-05
LOT_202603_0078,5,Inspection,EQP_INSP_01,RCP_INS_03,2026-03-06
LOT_202603_0079,1,Lithography,EQP_LITHO_04,RCP_LIT_03,2026-03-20
LOT_202603_0079,2,Etch,EQP_ETCH_02,RCP_ETC_03,2026-03-21
LOT_202603_0079,3,Deposition,EQP_DEP_03,RCP_DEP_03,2026-03-22
LOT_202603_0079,4,CMP,EQP_CMP_01,RCP_CMP_02,2026-03-23
LOT_202603_0079,5,Inspection,EQP_INSP_01,RCP_INS_01,2026-03-24
LOT_202603_0080,1,Lithography,EQP_LITHO_03,RCP_LIT_03,2026-03-10
LOT_202603_0080,2,Etch,EQP_ETCH_04,RCP_ETC_01,2026-03-11
LOT_202603_0080,3,Deposition,EQP_DEP_01,RCP_DEP_03,2026-03-12
LOT_202603_0080,4,CMP,EQP_CMP_03,RCP_CMP_01,2026-03-13
LOT_202603_0080,5,Inspection,EQP_INSP_02,RCP_INS_04,2026-03-14
LOT_202603_0081,1,Lithography,EQP_LITHO_02,RCP_LIT_01,2026-03-26
LOT_202603_0081,2,Etch,EQP_ETCH_03,RCP_ETC_01,2026-03-27
LOT_202603_0081,3,Deposition,EQP_DEP_02,RCP_DEP_03,2026-03-28
LOT_202603_0081,4,CMP,EQP_CMP_03,RCP_CMP_04,2026-03-29
LOT_202603_0081,5,Inspection,EQP_INSP_02,RCP_INS_01,2026-03-30
LOT_202603_0082,1,Lithography,EQP_LITHO_04,RCP_LIT_04,2026-03-19
LOT_202603_0082,2,Etch,EQP_ETCH_03,RCP_ETC_02,2026-03-20
LOT_202603_0082,3,Deposition,EQP_DEP_03,RCP_DEP_03,2026-03-21
LOT_202603_0082,4,CMP,EQP_CMP_01,RCP_CMP_04,2026-03-22
LOT_202603_0082,5,Inspection,EQP_INSP_01,RCP_INS_04,2026-03-23
LOT_202603_0083,1,Lithography,EQP_LITHO_04,RCP_LIT_04,2026-03-26
LOT_202603_0083,2,Etch,EQP_ETCH_02,RCP_ETC_02,2026-03-27
LOT_202603_0083,3,Deposition,EQP_DEP_02,RCP_DEP_03,2026-03-28
LOT_202603_0083,4,CMP,EQP_CMP_01,RCP_CMP_02,2026-03-29
LOT_202603_0083,5,Inspection,EQP_INSP_01,RCP_INS_02,2026-03-30
LOT_202603_0084,1,Lithography,EQP_LITHO_04,RCP_LIT_03,2026-03-01
LOT_202603_0084,2,Etch,EQP_ETCH_02,RCP_ETC_01,2026-03-02
LOT_202603_0084,3,Deposition,EQP_DEP_02,RCP_DEP_04,2026-03-03
LOT_202603_0084,4,CMP,EQP_CMP_03,RCP_CMP_04,2026-03-04
LOT_202603_0084,5,Inspection,EQP_INSP_01,RCP_INS_01,2026-03-05
LOT_202603_0085,1,Lithography,EQP_LITHO_04,RCP_LIT_02,2026-03-24
LOT_202603_0085,2,Etch,EQP_ETCH_04,RCP_ETC_03,2026-03-25
LOT_202603_0085,3,Deposition,EQP_DEP_03,RCP_DEP_02,2026-03-26
LOT_202603_0085,4,CMP,EQP_CMP_03,RCP_CMP_01,2026-03-27
LOT_202603_0085,5,Inspection,EQP_INSP_01,RCP_INS_01,2026-03-28
LOT_202603_0086,1,Lithography,EQP_LITHO_04,RCP_LIT_04,2026-03-05
LOT_202603_0086,2,Etch,EQP_ETCH_03,RCP_ETC_04,2026-03-06
LOT_202603_0086,3,Deposition,EQP_DEP_01,RCP_DEP_01,2026-03-07
LOT_202603_0086,4,CMP,EQP_CMP_01,RCP_CMP_02,2026-03-08
LOT_202603_0086,5,Inspection,EQP_INSP_03,RCP_INS_04,2026-03-09
LOT_202603_0087,1,Lithography,EQP_LITHO_02,RCP_LIT_04,2026-03-13
LOT_202603_0087,2,Etch,EQP_ETCH_01,RCP_ETC_04,2026-03-14
LOT_202603_0087,3,Deposition,EQP_DEP_02,RCP_DEP_04,2026-03-15
LOT_202603_0087,4,CMP,EQP_CMP_01,RCP_CMP_02,2026-03-16
LOT_202603_0087,5,Inspection,EQP_INSP_01,RCP_INS_01,2026-03-17
LOT_202603_0088,1,Lithography,EQP_LITHO_01,RCP_LIT_01,2026-03-04
LOT_202603_0088,2,Etch,EQP_ETCH_03,RCP_ETC_02,2026-03-05
LOT_202603_0088,3,Deposition,EQP_DEP_03,RCP_DEP_02,2026-03-06
LOT_202603_0088,4,CMP,EQP_CMP_02,RCP_CMP_03,2026-03-07
LOT_202603_0088,5,Inspection,EQP_INSP_02,RCP_INS_02,2026-03-08
LOT_202603_0089,1,Lithography,EQP_LITHO_02,RCP_LIT_02,2026-03-16
LOT_202603_0089,2,Etch,EQP_ETCH_03,RCP_ETC_01,2026-03-17
LOT_202603_0089,3,Deposition,EQP_DEP_03,RCP_DEP_01,2026-03-18
LOT_202603_0089,4,CMP,EQP_CMP_03,RCP_CMP_03,2026-03-19
LOT_202603_0089,5,Inspection,EQP_INSP_02,RCP_INS_01,2026-03-20
LOT_202603_0090,1,Lithography,EQP_LITHO_02,RCP_LIT_03,2026-03-24
LOT_202603_0090,2,Etch,EQP_ETCH_04,RCP_ETC_04,2026-03-25
LOT_202603_0090,3,Deposition,EQP_DEP_02,RCP_DEP_04,2026-03-26
LOT_202603_0090,4,CMP,EQP_CMP_02,RCP_CMP_04,2026-03-27
LOT_202603_0090,5,Inspection,EQP_INSP_02,RCP_INS_03,2026-03-28
LOT_202603_0091,1,Lithography,EQP_LITHO_03,RCP_LIT_03,2026-03-16
LOT_202603_0091,2,Etch,EQP_ETCH_04,RCP_ETC_02,2026-03-17
LOT_202603_0091,3,Deposition,EQP_DEP_02,RCP_DEP_02,2026-03-18
LOT_202603_0091,4,CMP,EQP_CMP_02,RCP_CMP_03,2026-03-19
LOT_202603_0091,5,Inspection,EQP_INSP_03,RCP_INS_03,2026-03-20
LOT_202603_0092,1,Lithography,EQP_LITHO_01,RCP_LIT_02,2026-03-23
LOT_202603_0092,2,Etch,EQP_ETCH_03,RCP_ETC_04,2026-03-24
LOT_202603_0092,3,Deposition,EQP_DEP_03,RCP_DEP_04,2026-03-25
LOT_202603_0092,4,CMP,EQP_CMP_01,RCP_CMP_01,2026-03-26
LOT_202603_0092,5,Inspection,EQP_INSP_01,RCP_INS_03,2026-03-27
LOT_202603_0093,1,Lithography,EQP_LITHO_02,RCP_LIT_02,2026-03-02
LOT_202603_0093,2,Etch,EQP_ETCH_04,RCP_ETC_01,2026-03-03
LOT_202603_0093,3,Deposition,EQP_DEP_03,RCP_DEP_01,2026-03-04
LOT_202603_0093,4,CMP,EQP_CMP_03,RCP_CMP_04,2026-03-05
LOT_202603_0093,5,Inspection,EQP_INSP_03,RCP_INS_04,2026-03-06
LOT_202603_0094,1,Lithography,EQP_LITHO_04,RCP_LIT_03,2026-03-17
LOT_202603_0094,2,Etch,EQP_ETCH_02,RCP_ETC_04,2026-03-18
LOT_202603_0094,3,Deposition,EQP_DEP_01,RCP_DEP_03,2026-03-19
LOT_202603_0094,4,CMP,EQP_CMP_03,RCP_CMP_04,2026-03-20
LOT_202603_0094,5,Inspection,EQP_INSP_02,RCP_INS_03,2026-03-21
LOT_202603_0095,1,Lithography,EQP_LITHO_03,RCP_LIT_02,2026-03-28
LOT_202603_0095,2,Etch,EQP_ETCH_03,RCP_ETC_03,2026-03-29
LOT_202603_0095,3,Deposition,EQP_DEP_01,RCP_DEP_02,2026-03-30
LOT_202603_0095,4,CMP,EQP_CMP_01,RCP_CMP_03,2026-03-31
LOT_202603_0095,5,Inspection,EQP_INSP_02,RCP_INS_01,2026-04-01
LOT_202603_0096,1,Lithography,EQP_LITHO_04,RCP_LIT_04,2026-03-27
LOT_202603_0096,2,Etch,EQP_ETCH_04,RCP_ETC_04,2026-03-28
LOT_202603_0096,3,Deposition,EQP_DEP_02,RCP_DEP_01,2026-03-29
LOT_202603_0096,4,CMP,EQP_CMP_03,RCP_CMP_04,2026-03-30
LOT_202603_0096,5,Inspection,EQP_INSP_01,RCP_INS_04,2026-03-31
LOT_202603_0097,1,Lithography,EQP_LITHO_02,RCP_LIT_04,2026-03-20
LOT_202603_0097,2,Etch,EQP_ETCH_04,RCP_ETC_02,2026-03-21
LOT_202603_0097,3,Deposition,EQP_DEP_02,RCP_DEP_03,2026-03-22
LOT_202603_0097,4,CMP,EQP_CMP_02,RCP_CMP_03,2026-03-23
LOT_202603_0097,5,Inspection,EQP_INSP_03,RCP_INS_02,2026-03-24
LOT_202603_0098,1,Lithography,EQP_LITHO_02,RCP_LIT_03,2026-03-24
LOT_202603_0098,2,Etch,EQP_ETCH_01,RCP_ETC_01,2026-03-25
LOT_202603_0098,3,Deposition,EQP_DEP_03,RCP_DEP_01,2026-03-26
LOT_202603_0098,4,CMP,EQP_CMP_03,RCP_CMP_02,2026-03-27
LOT_202603_0098,5,Inspection,EQP_INSP_02,RCP_INS_03,2026-03-28
LOT_202603_0099,1,Lithography,EQP_LITHO_02,RCP_LIT_02,2026-03-12
LOT_202603_0099,2,Etch,EQP_ETCH_02,RCP_ETC_01,2026-03-13
LOT_202603_0099,3,Deposition,EQP_DEP_02,RCP_DEP_01,2026-03-14
LOT_202603_0099,4,CMP,EQP_CMP_01,RCP_CMP_02,2026-03-15
LOT_202603_0099,5,Inspection,EQP_INSP_02,RCP_INS_04,2026-03-16
LOT_202603_0100,1,Lithography,EQP_LITHO_01,RCP_LIT_04,2026-03-18
LOT_202603_0100,2,Etch,EQP_ETCH_03,RCP_ETC_02,2026-03-19
LOT_202603_0100,3,Deposition,EQP_DEP_03,RCP_DEP_02,2026-03-20
LOT_202603_0100,4,CMP,EQP_CMP_01,RCP_CMP_03,2026-03-21
LOT_202603_0100,5,Inspection,EQP_INSP_01,RCP_INS_01,2026-03-22
LOT_202603_0101,1,Lithography,EQP_LITHO_04,RCP_LIT_01,2026-03-03
LOT_202603_0101,2,Etch,EQP_ETCH_01,RCP_ETC_04,2026-03-04
LOT_202603_0101,3,Deposition,EQP_DEP_01,RCP_DEP_03,2026-03-05
LOT_202603_0101,4,CMP,EQP_CMP_03,RCP_CMP_03,2026-03-06
LOT_202603_0101,5,Inspection,EQP_INSP_03,RCP_INS_02,2026-03-07
LOT_202603_0102,1,Lithography,EQP_LITHO_03,RCP_LIT_04,2026-03-28
LOT_202603_0102,2,Etch,EQP_ETCH_02,RCP_ETC_04,2026-03-29
LOT_202603_0102,3,Deposition,EQP_DEP_02,RCP_DEP_01,2026-03-30
LOT_202603_0102,4,CMP,EQP_CMP_01,RCP_CMP_01,2026-03-31
LOT_202603_0102,5,Inspection,EQP_INSP_03,RCP_INS_04,2026-04-01
LOT_202603_0103,1,Lithography,EQP_LITHO_01,RCP_LIT_02,2026-03-01
LOT_202603_0103,2,Etch,EQP_ETCH_04,RCP_ETC_03,2026-03-02
LOT_202603_0103,3,Deposition,EQP_DEP_01,RCP_DEP_03,2026-03-03
LOT_202603_0103,4,CMP,EQP_CMP_01,RCP_CMP_04,2026-03-04
LOT_202603_0103,5,Inspection,EQP_INSP_01,RCP_INS_01,2026-03-05
LOT_202603_0104,1,Lithography,EQP_LITHO_01,RCP_LIT_04,2026-03-01
LOT_202603_0104,2,Etch,EQP_ETCH_04,RCP_ETC_02,2026-03-02
LOT_202603_0104,3,Deposition,EQP_DEP_03,RCP_DEP_01,2026-03-03
LOT_202603_0104,4,CMP,EQP_CMP_02,RCP_CMP_02,2026-03-04
LOT_202603_0104,5,Inspection,EQP_INSP_02,RCP_INS_01,2026-03-05
LOT_202603_0105,1,Lithography,EQP_LITHO_03,RCP_LIT_02,2026-03-19
LOT_202603_0105,2,Etch,EQP_ETCH_01,RCP_ETC_03,2026-03-20
LOT_202603_0105,3,Deposition,EQP_DEP_02,RCP_DEP_01,2026-03-21
LOT_202603_0105,4,CMP,EQP_CMP_01,RCP_CMP_03,2026-03-22
LOT_202603_0105,5,Inspection,EQP_INSP_01,RCP_INS_01,2026-03-23
LOT_202603_0106,1,Lithography,EQP_LITHO_01,RCP_LIT_04,2026-03-11
LOT_202603_0106,2,Etch,EQP_ETCH_02,RCP_ETC_02,2026-03-12
LOT_202603_0106,3,Deposition,EQP_DEP_03,RCP_DEP_03,2026-03-13
LOT_202603_0106,4,CMP,EQP_CMP_02,RCP_CMP_02,2026-03-14
LOT_202603_0106,5,Inspection,EQP_INSP_01,RCP_INS_02,2026-03-15
LOT_202603_0107,1,Lithography,EQP_LITHO_01,RCP_LIT_03,2026-03-05
LOT_202603_0107,2,Etch,EQP_ETCH_04,RCP_ETC_02,2026-03-06
LOT_202603_0107,3,Deposition,EQP_DEP_03,RCP_DEP_04,2026-03-07
LOT_202603_0107,4,CMP,EQP_CMP_02,RCP_CMP_04,2026-03-08
LOT_202603_0107,5,Inspection,EQP_INSP_03,RCP_INS_04,2026-03-09
LOT_202603_0108,1,Lithography,EQP_LITHO_02,RCP_LIT_04,2026-03-12
LOT_202603_0108,2,Etch,EQP_ETCH_02,RCP_ETC_03,2026-03-13
LOT_202603_0108,3,Deposition,EQP_DEP_02,RCP_DEP_01,2026-03-14
LOT_202603_0108,4,CMP,EQP_CMP_01,RCP_CMP_03,2026-03-15
LOT_202603_0108,5,Inspection,EQP_INSP_01,RCP_INS_04,2026-03-16
LOT_202603_0109,1,Lithography,EQP_LITHO_02,RCP_LIT_02,2026-03-03
LOT_202603_0109,2,Etch,EQP_ETCH_03,RCP_ETC_03,2026-03-04
LOT_202603_0109,3,Deposition,EQP_DEP_03,RCP_DEP_02,2026-03-05
LOT_202603_0109,4,CMP,EQP_CMP_03,RCP_CMP_02,2026-03-06
LOT_202603_0109,5,Inspection,EQP_INSP_02,RCP_INS_02,2026-03-07
LOT_202603_0110,1,Lithography,EQP_LITHO_02,RCP_LIT_04,2026-03-01
LOT_202603_0110,2,Etch,EQP_ETCH_03,RCP_ETC_04,2026-03-02
LOT_202603_0110,3,Deposition,EQP_DEP_03,RCP_DEP_04,2026-03-03
LOT_202603_0110,4,CMP,EQP_CMP_01,RCP_CMP_02,2026-03-04
LOT_202603_0110,5,Inspection,EQP_INSP_01,RCP_INS_01,2026-03-05
LOT_202603_0111,1,Lithography,EQP_LITHO_03,RCP_LIT_02,2026-03-01
LOT_202603_0111,2,Etch,EQP_ETCH_01,RCP_ETC_01,2026-03-02
LOT_202603_0111,3,Deposition,EQP_DEP_02,RCP_DEP_02,2026-03-03
LOT_202603_0111,4,CMP,EQP_CMP_02,RCP_CMP_02,2026-03-04
LOT_202603_0111,5,Inspection,EQP_INSP_02,RCP_INS_03,2026-03-05
LOT_202603_0112,1,Lithography,EQP_LITHO_01,RCP_LIT_01,2026-03-08
LOT_202603_0112,2,Etch,EQP_ETCH_04,RCP_ETC_01,2026-03-09
LOT_202603_0112,3,Deposition,EQP_DEP_01,RCP_DEP_03,2026-03-10
LOT_202603_0112,4,CMP,EQP_CMP_01,RCP_CMP_03,2026-03-11
LOT_202603_0112,5,Inspection,EQP_INSP_02,RCP_INS_01,2026-03-12
LOT_202603_0113,1,Lithography,EQP_LITHO_02,RCP_LIT_02,2026-03-10
LOT_202603_0113,2,Etch,EQP_ETCH_03,RCP_ETC_02,2026-03-11
LOT_202603_0113,3,Deposition,EQP_DEP_01,RCP_DEP_01,2026-03-12
LOT_202603_0113,4,CMP,EQP_CMP_03,RCP_CMP_03,2026-03-13
LOT_202603_0113,5,Inspection,EQP_INSP_01,RCP_INS_03,2026-03-14
LOT_202603_0114,1,Lithography,EQP_LITHO_01,RCP_LIT_02,2026-03-11
LOT_202603_0114,2,Etch,EQP_ETCH_03,RCP_ETC_03,2026-03-12
LOT_202603_0114,3,Deposition,EQP_DEP_01,RCP_DEP_04,2026-03-13
LOT_202603_0114,4,CMP,EQP_CMP_02,RCP_CMP_03,2026-03-14
LOT_202603_0114,5,Inspection,EQP_INSP_03,RCP_INS_01,2026-03-15
LOT_202603_0115,1,Lithography,EQP_LITHO_03,RCP_LIT_01,2026-03-12
LOT_202603_0115,2,Etch,EQP_ETCH_01,RCP_ETC_01,2026-03-13
LOT_202603_0115,3,Deposition,EQP_DEP_03,RCP_DEP_04,2026-03-14
LOT_202603_0115,4,CMP,EQP_CMP_02,RCP_CMP_02,2026-03-15
LOT_202603_0115,5,Inspection,EQP_INSP_03,RCP_INS_03,2026-03-16
LOT_202603_0116,1,Lithography,EQP_LITHO_04,RCP_LIT_02,2026-03-13
LOT_202603_0116,2,Etch,EQP_ETCH_02,RCP_ETC_03,2026-03-14
LOT_202603_0116,3,Deposition,EQP_DEP_01,RCP_DEP_02,2026-03-15
LOT_202603_0116,4,CMP,EQP_CMP_02,RCP_CMP_02,2026-03-16
LOT_202603_0116,5,Inspection,EQP_INSP_01,RCP_INS_01,2026-03-17
LOT_202603_0117,1,Lithography,EQP_LITHO_04,RCP_LIT_01,2026-03-12
LOT_202603_0117,2,Etch,EQP_ETCH_02,RCP_ETC_03,2026-03-13
LOT_202603_0117,3,Deposition,EQP_DEP_03,RCP_DEP_03,2026-03-14
LOT_202603_0117,4,CMP,EQP_CMP_03,RCP_CMP_02,2026-03-15
LOT_202603_0117,5,Inspection,EQP_INSP_02,RCP_INS_02,2026-03-16
LOT_202603_0118,1,Lithography,EQP_LITHO_04,RCP_LIT_01,2026-03-14
LOT_202603_0118,2,Etch,EQP_ETCH_01,RCP_ETC_03,2026-03-15
LOT_202603_0118,3,Deposition,EQP_DEP_03,RCP_DEP_01,2026-03-16
LOT_202603_0118,4,CMP,EQP_CMP_03,RCP_CMP_01,2026-03-17
LOT_202603_0118,5,Inspection,EQP_INSP_03,RCP_INS_03,2026-03-18
LOT_202603_0119,1,Lithography,EQP_LITHO_03,RCP_LIT_01,2026-03-02
LOT_202603_0119,2,Etch,EQP_ETCH_02,RCP_ETC_02,2026-03-03
LOT_202603_0119,3,Deposition,EQP_DEP_01,RCP_DEP_04,2026-03-04
LOT_202603_0119,4,CMP,EQP_CMP_01,RCP_CMP_04,2026-03-05
LOT_202603_0119,5,Inspection,EQP_INSP_02,RCP_INS_03,2026-03-06
LOT_202603_0120,1,Lithography,EQP_LITHO_01,RCP_LIT_03,2026-03-19
LOT_202603_0120,2,Etch,EQP_ETCH_04,RCP_ETC_04,2026-03-20
LOT_202603_0120,3,Deposition,EQP_DEP_02,RCP_DEP_02,2026-03-21
LOT_202603_0120,4,CMP,EQP_CMP_02,RCP_CMP_01,2026-03-22
LOT_202603_0120,5,Inspection,EQP_INSP_01,RCP_INS_04,2026-03-23
LOT_202603_0121,1,Lithography,EQP_LITHO_02,RCP_LIT_03,2026-03-18
LOT_202603_0121,2,Etch,EQP_ETCH_03,RCP_ETC_02,2026-03-19
LOT_202603_0121,3,Deposition,EQP_DEP_03,RCP_DEP_01,2026-03-20
LOT_202603_0121,4,CMP,EQP_CMP_03,RCP_CMP_03,2026-03-21
LOT_202603_0121,5,Inspection,EQP_INSP_03,RCP_INS_04,2026-03-22
LOT_202603_0122,1,Lithography,EQP_LITHO_01,RCP_LIT_02,2026-03-03
LOT_202603_0122,2,Etch,EQP_ETCH_04,RCP_ETC_04,2026-03-04
LOT_202603_0122,3,Deposition,EQP_DEP_02,RCP_DEP_03,2026-03-05
LOT_202603_0122,4,CMP,EQP_CMP_02,RCP_CMP_01,2026-03-06
LOT_202603_0122,5,Inspection,EQP_INSP_01,RCP_INS_02,2026-03-07
LOT_202603_0123,1,Lithography,EQP_LITHO_03,RCP_LIT_03,2026-03-23
LOT_202603_0123,2,Etch,EQP_ETCH_02,RCP_ETC_02,2026-03-24
LOT_202603_0123,3,Deposition,EQP_DEP_01,RCP_DEP_02,2026-03-25
LOT_202603_0123,4,CMP,EQP_CMP_01,RCP_CMP_03,2026-03-26
LOT_202603_0123,5,Inspection,EQP_INSP_02,RCP_INS_04,2026-03-27
LOT_202603_0124,1,Lithography,EQP_LITHO_02,RCP_LIT_02,2026-03-17
LOT_202603_0124,2,Etch,EQP_ETCH_04,RCP_ETC_01,2026-03-18
LOT_202603_0124,3,Deposition,EQP_DEP_02,RCP_DEP_03,2026-03-19
LOT_202603_0124,4,CMP,EQP_CMP_01,RCP_CMP_04,2026-03-20
LOT_202603_0124,5,Inspection,EQP_INSP_02,RCP_INS_04,2026-03-21
LOT_202603_0125,1,Lithography,EQP_LITHO_03,RCP_LIT_03,2026-03-26
LOT_202603_0125,2,Etch,EQP_ETCH_02,RCP_ETC_03,2026-03-27
LOT_202603_0125,3,Deposition,EQP_DEP_02,RCP_DEP_01,2026-03-28
LOT_202603_0125,4,CMP,EQP_CMP_03,RCP_CMP_02,2026-03-29
LOT_202603_0125,5,Inspection,EQP_INSP_01,RCP_INS_03,2026-03-30
LOT_202603_0126,1,Lithography,EQP_LITHO_01,RCP_LIT_02,2026-03-08
LOT_202603_0126,2,Etch,EQP_ETCH_01,RCP_ETC_01,2026-03-09
LOT_202603_0126,3,Deposition,EQP_DEP_02,RCP_DEP_04,2026-03-10
LOT_202603_0126,4,CMP,EQP_CMP_01,RCP_CMP_03,2026-03-11
LOT_202603_0126,5,Inspection,EQP_INSP_03,RCP_INS_04,2026-03-12
LOT_202603_0127,1,Lithography,EQP_LITHO_03,RCP_LIT_02,2026-03-26
LOT_202603_0127,2,Etch,EQP_ETCH_01,RCP_ETC_01,2026-03-27
LOT_202603_0127,3,Deposition,EQP_DEP_01,RCP_DEP_02,2026-03-28
LOT_202603_0127,4,CMP,EQP_CMP_01,RCP_CMP_02,2026-03-29
LOT_202603_0127,5,Inspection,EQP_INSP_03,RCP_INS_03,2026-03-30
LOT_202603_0128,1,Lithography,EQP_LITHO_01,RCP_LIT_02,2026-03-10
LOT_202603_0128,2,Etch,EQP_ETCH_02,RCP_ETC_01,2026-03-11
LOT_202603_0128,3,Deposition,EQP_DEP_01,RCP_DEP_03,2026-03-12
LOT_202603_0128,4,CMP,EQP_CMP_03,RCP_CMP_04,2026-03-13
LOT_202603_0128,5,Inspection,EQP_INSP_02,RCP_INS_03,2026-03-14
LOT_202603_0129,1,Lithography,EQP_LITHO_04,RCP_LIT_02,2026-03-26
LOT_202603_0129,2,Etch,EQP_ETCH_04,RCP_ETC_02,2026-03-27
LOT_202603_0129,3,Deposition,EQP_DEP_01,RCP_DEP_01,2026-03-28
LOT_202603_0129,4,CMP,EQP_CMP_03,RCP_CMP_01,2026-03-29
LOT_202603_0129,5,Inspection,EQP_INSP_01,RCP_INS_03,2026-03-30
LOT_202603_0130,1,Lithography,EQP_LITHO_02,RCP_LIT_04,2026-03-02
LOT_202603_0130,2,Etch,EQP_ETCH_01,RCP_ETC_02,2026-03-03
LOT_202603_0130,3,Deposition,EQP_DEP_01,RCP_DEP_04,2026-03-04
LOT_202603_0130,4,CMP,EQP_CMP_03,RCP_CMP_04,2026-03-05
LOT_202603_0130,5,Inspection,EQP_INSP_01,RCP_INS_04,2026-03-06
LOT_202603_0131,1,Lithography,EQP_LITHO_02,RCP_LIT_03,2026-03-19
LOT_202603_0131,2,Etch,EQP_ETCH_02,RCP_ETC_02,2026-03-20
LOT_202603_0131,3,Deposition,EQP_DEP_03,RCP_DEP_02,2026-03-21
LOT_202603_0131,4,CMP,EQP_CMP_02,RCP_CMP_02,2026-03-22
LOT_202603_0131,5,Inspection,EQP_INSP_03,RCP_INS_04,2026-03-23
LOT_202603_0132,1,Lithography,EQP_LITHO_02,RCP_LIT_03,2026-03-09
LOT_202603_0132,2,Etch,EQP_ETCH_02,RCP_ETC_04,2026-03-10
LOT_202603_0132,3,Deposition,EQP_DEP_02,RCP_DEP_04,2026-03-11
LOT_202603_0132,4,CMP,EQP_CMP_02,RCP_CMP_04,2026-03-12
LOT_202603_0132,5,Inspection,EQP_INSP_01,RCP_INS_01,2026-03-13
LOT_202603_0133,1,Lithography,EQP_LITHO_01,RCP_LIT_01,2026-03-07
LOT_202603_0133,2,Etch,EQP_ETCH_03,RCP_ETC_02,2026-03-08
LOT_202603_0133,3,Deposition,EQP_DEP_02,RCP_DEP_01,2026-03-09
LOT_202603_0133,4,CMP,EQP_CMP_03,RCP_CMP_04,2026-03-10
LOT_202603_0133,5,Inspection,EQP_INSP_01,RCP_INS_04,2026-03-11
LOT_202603_0134,1,Lithography,EQP_LITHO_04,RCP_LIT_03,2026-03-04
LOT_202603_0134,2,Etch,EQP_ETCH_04,RCP_ETC_03,2026-03-05
LOT_202603_0134,3,Deposition,EQP_DEP_03,RCP_DEP_04,2026-03-06
LOT_202603_0134,4,CMP,EQP_CMP_02,RCP_CMP_01,2026-03-07
LOT_202603_0134,5,Inspection,EQP_INSP_01,RCP_INS_01,2026-03-08
LOT_202603_0135,1,Lithography,EQP_LITHO_02,RCP_LIT_02,2026-03-26
LOT_202603_0135,2,Etch,EQP_ETCH_03,RCP_ETC_03,2026-03-27
LOT_202603_0135,3,Deposition,EQP_DEP_01,RCP_DEP_01,2026-03-28
LOT_202603_0135,4,CMP,EQP_CMP_02,RCP_CMP_04,2026-03-29
LOT_202603_0135,5,Inspection,EQP_INSP_02,RCP_INS_01,2026-03-30
LOT_202603_0136,1,Lithography,EQP_LITHO_04,RCP_LIT_03,2026-03-21
LOT_202603_0136,2,Etch,EQP_ETCH_02,RCP_ETC_01,2026-03-22
LOT_202603_0136,3,Deposition,EQP_DEP_01,RCP_DEP_02,2026-03-23
LOT_202603_0136,4,CMP,EQP_CMP_03,RCP_CMP_01,2026-03-24
LOT_202603_0136,5,Inspection,EQP_INSP_01,RCP_INS_01,2026-03-25
LOT_202603_0137,1,Lithography,EQP_LITHO_03,RCP_LIT_02,2026-03-18
LOT_202603_0137,2,Etch,EQP_ETCH_03,RCP_ETC_02,2026-03-19
LOT_202603_0137,3,Deposition,EQP_DEP_03,RCP_DEP_02,2026-03-20
LOT_202603_0137,4,CMP,EQP_CMP_03,RCP_CMP_02,2026-03-21
LOT_202603_0137,5,Inspection,EQP_INSP_03,RCP_INS_03,2026-03-22
LOT_202603_0138,1,Lithography,EQP_LITHO_02,RCP_LIT_04,2026-03-13
LOT_202603_0138,2,Etch,EQP_ETCH_02,RCP_ETC_01,2026-03-14
LOT_202603_0138,3,Deposition,EQP_DEP_02,RCP_DEP_02,2026-03-15
LOT_202603_0138,4,CMP,EQP_CMP_02,RCP_CMP_01,2026-03-16
LOT_202603_0138,5,Inspection,EQP_INSP_03,RCP_INS_02,2026-03-17
LOT_202603_0139,1,Lithography,EQP_LITHO_04,RCP_LIT_02,2026-03-11
LOT_202603_0139,2,Etch,EQP_ETCH_03,RCP_ETC_03,2026-03-12
LOT_202603_0139,3,Deposition,EQP_DEP_02,RCP_DEP_01,2026-03-13
LOT_202603_0139,4,CMP,EQP_CMP_03,RCP_CMP_01,2026-03-14
LOT_202603_0139,5,Inspection,EQP_INSP_03,RCP_INS_02,2026-03-15
LOT_202603_0140,1,Lithography,EQP_LITHO_03,RCP_LIT_02,2026-03-24
LOT_202603_0140,2,Etch,EQP_ETCH_02,RCP_ETC_04,2026-03-25
LOT_202603_0140,3,Deposition,EQP_DEP_02,RCP_DEP_01,2026-03-26
LOT_202603_0140,4,CMP,EQP_CMP_02,RCP_CMP_01,2026-03-27
LOT_202603_0140,5,Inspection,EQP_INSP_01,RCP_INS_02,2026-03-28
LOT_202603_0141,1,Lithography,EQP_LITHO_01,RCP_LIT_02,2026-03-04
LOT_202603_0141,2,Etch,EQP_ETCH_01,RCP_ETC_02,2026-03-05
LOT_202603_0141,3,Deposition,EQP_DEP_02,RCP_DEP_01,2026-03-06
LOT_202603_0141,4,CMP,EQP_CMP_03,RCP_CMP_03,2026-03-07
LOT_202603_0141,5,Inspection,EQP_INSP_01,RCP_INS_02,2026-03-08
LOT_202603_0142,1,Lithography,EQP_LITHO_01,RCP_LIT_02,2026-03-25
LOT_202603_0142,2,Etch,EQP_ETCH_04,RCP_ETC_04,2026-03-26
LOT_202603_0142,3,Deposition,EQP_DEP_01,RCP_DEP_03,2026-03-27
LOT_202603_0142,4,CMP,EQP_CMP_01,RCP_CMP_04,2026-03-28
LOT_202603_0142,5,Inspection,EQP_INSP_01,RCP_INS_03,2026-03-29
LOT_202603_0143,1,Lithography,EQP_LITHO_02,RCP_LIT_01,2026-03-21
LOT_202603_0143,2,Etch,EQP_ETCH_04,RCP_ETC_04,2026-03-22
LOT_202603_0143,3,Deposition,EQP_DEP_01,RCP_DEP_03,2026-03-23
LOT_202603_0143,4,CMP,EQP_CMP_02,RCP_CMP_02,2026-03-24
LOT_202603_0143,5,Inspection,EQP_INSP_03,RCP_INS_03,2026-03-25
LOT_202603_0144,1,Lithography,EQP_LITHO_04,RCP_LIT_03,2026-03-25
LOT_202603_0144,2,Etch,EQP_ETCH_02,RCP_ETC_02,2026-03-26
LOT_202603_0144,3,Deposition,EQP_DEP_02,RCP_DEP_03,2026-03-27
LOT_202603_0144,4,CMP,EQP_CMP_02,RCP_CMP_01,2026-03-28
LOT_202603_0144,5,Inspection,EQP_INSP_03,RCP_INS_04,2026-03-29
LOT_202603_0145,1,Lithography,EQP_LITHO_03,RCP_LIT_03,2026-03-04
LOT_202603_0145,2,Etch,EQP_ETCH_03,RCP_ETC_01,2026-03-05
LOT_202603_0145,3,Deposition,EQP_DEP_02,RCP_DEP_02,2026-03-06
LOT_202603_0145,4,CMP,EQP_CMP_03,RCP_CMP_03,2026-03-07
LOT_202603_0145,5,Inspection,EQP_INSP_01,RCP_INS_04,2026-03-08
LOT_202603_0146,1,Lithography,EQP_LITHO_04,RCP_LIT_01,2026-03-10
LOT_202603_0146,2,Etch,EQP_ETCH_01,RCP_ETC_04,2026-03-11
LOT_202603_0146,3,Deposition,EQP_DEP_01,RCP_DEP_04,2026-03-12
LOT_202603_0146,4,CMP,EQP_CMP_02,RCP_CMP_03,2026-03-13
LOT_202603_0146,5,Inspection,EQP_INSP_02,RCP_INS_03,2026-03-14
LOT_202603_0147,1,Lithography,EQP_LITHO_01,RCP_LIT_02,2026-03-05
LOT_202603_0147,2,Etch,EQP_ETCH_04,RCP_ETC_03,2026-03-06
LOT_202603_0147,3,Deposition,EQP_DEP_03,RCP_DEP_04,2026-03-07
LOT_202603_0147,4,CMP,EQP_CMP_02,RCP_CMP_02,2026-03-08
LOT_202603_0147,5,Inspection,EQP_INSP_03,RCP_INS_01,2026-03-09
LOT_202603_0148,1,Lithography,EQP_LITHO_01,RCP_LIT_02,2026-03-09
LOT_202603_0148,2,Etch,EQP_ETCH_03,RCP_ETC_03,2026-03-10
LOT_202603_0148,3,Deposition,EQP_DEP_01,RCP_DEP_02,2026-03-11
LOT_202603_0148,4,CMP,EQP_CMP_02,RCP_CMP_03,2026-03-12
LOT_202603_0148,5,Inspection,EQP_INSP_01,RCP_INS_02,2026-03-13
LOT_202603_0149,1,Lithography,EQP_LITHO_03,RCP_LIT_03,2026-03-24
LOT_202603_0149,2,Etch,EQP_ETCH_01,RCP_ETC_01,2026-03-25
LOT_202603_0149,3,Deposition,EQP_DEP_02,RCP_DEP_02,2026-03-26
LOT_202603_0149,4,CMP,EQP_CMP_01,RCP_CMP_01,2026-03-27
LOT_202603_0149,5,Inspection,EQP_INSP_01,RCP_INS_02,2026-03-28
LOT_202603_0150,1,Lithography,EQP_LITHO_01,RCP_LIT_04,2026-03-03
LOT_202603_0150,2,Etch,EQP_ETCH_03,RCP_ETC_04,2026-03-04
LOT_202603_0150,3,Deposition,EQP_DEP_03,RCP_DEP_03,2026-03-05
LOT_202603_0150,4,CMP,EQP_CMP_01,RCP_CMP_04,2026-03-06
LOT_202603_0150,5,Inspection,EQP_INSP_03,RCP_INS_01,2026-03-07
